dimension,n,avg_weight
2,128,7.533452
2,256,10.703314
2,512,14.855751
2,1024,21.123304
2,2048,29.750921
2,4096,41.828224
2,8192,58.92993
2,16384,83.18318
2,32768,117.501144
