dimension,n,avg_weight
3,128,17.566175
3,256,27.712952
3,512,42.962517
3,1024,68.26945
3,2048,107.05717
3,4096,169.05406
3,8192,267.71213
3,16384,422.82355
3,32768,667.64825
